,TimeStamps,Tweets,Year,Month,Date,Cleaned_Tweet,Sentiment
0,2023-08-26,"ITC Demerger - Why did it happen? 

https://instagram.com/p/CwaJyrEMfOu/?utm_source=ig_web_copy_link&igshid=MzRlODBiNWFlZA==‚Ä¶

#stockmarkets #stockmarketeducation #stockmarkettips #commodity #commoditytrading #nseindia #bseinda #goldtrading #sarafa #marketupdate #crudeoil #naturalgas #stockmarketindia #nse #bse #banknifty #nifty",2023,08,26,itc demerger happen stockmarkets stockmarketeducation stockmarkettips commodity commoditytrading nseindia bseinda goldtrading sarafa marketupdate crudeoil naturalgas stockmarketindia nse bse banknifty nifty,Positive
1,2023-08-26,"Hotels Demerger: How Positive Will It Be For ITC? - Nice article from R&R

https://blog.researchandranking.com/itc-hotels-after-demerger/‚Ä¶
@ITCCorpCom
 @ITCHotels
 @dmuthuk
 @researchandrank",2023,08,26,hotels demerger positive itc nice article r r itccorpcom itchotels dmuthuk researchandrank,Positive
2,2023-08-25,"ITC was running in expectation of the demerger announcement. Once the the demerger is actually announced, it has started falling. And continuously falling since then. ",2023,08,25,itc running expectation demerger announcement demerger actually announced started falling continuously falling since,Negative
3,2023-08-25,Is there any opportunity in such scenarios? ITC and hotels demerger will create a similar scenario. The obvious one is to sit tight and let it bottom out.,2023,08,25,opportunity scenarios itc hotels demerger create similar scenario obvious one sit tight let bottom,Negative
4,2023-08-21,"Decoding the ITC Demerger Share Entitlement Ratio #shorts #shortsfeed  #... https://youtu.be/hwzvrgDmTN4 via 
@YouTube",2023,08,21,decoding itc demerger share entitlement ratio shorts shortsfeed via youtube,Negative
5,2023-08-21,"Cyril Amarchand Mangaldas advises ITC Limited on demerger of its hotels business
#Law #Latest #LatestLaws #LegalNews #India #IndianNews #News #Legal",2023,08,21,cyril amarchand mangaldas advises itc limited demerger hotels business law latest latestlaws legalnews india indiannews news legal,Positive
6,2023-08-21,"Yatin mota is by far the fastest business journalist in India 

He actually predicted ITC Demerger 3 years ago in 2020 ! 

He has a Time Machine ! 
@YatinMota",2023,08,21,yatin mota far fastest business journalist india actually predicted itc demerger years ago time machine yatinmota,Positive
7,2023-08-20,ITC after the demerger ,2023,08,20,itc demerger,Positive
8,2023-08-19," #ITC 's Crossroads: Demerger News Sparks Speculation  As the demerger news emerges, #ITC  finds itself at a pivotal moment. Will this development change the trend or potentially lead to a breakdown below the 20 WMA? #StocksToTrade #StocksInFocus #Chartingstocks",2023,08,19,itc crossroads demerger news sparks speculation demerger news emerges itc finds pivotal moment development change trend potentially lead breakdown wma stockstotrade stocksinfocus chartingstocks,Positive
9,2023-08-19,It went too far in expectation of demerger and now coming back to its actual value which is 25 PE. Till Nifty was below 18800 ITC was star but now from 19000 to 22000 it will not participate. ITC is poster boy of bear markets.,2023,08,19,went far expectation demerger coming back actual value pe till nifty itc star participate itc poster boy bear markets,Negative
10,2023-08-19,"Some of the our amazing 2x inputs  

1) ITC 220 > 500
2) Mirza (before demerger) 70 > 350+
3) HSCL 60 > 170
4) Apollo Micro Systems 18 >> 60
5) IOB 17 > 34
6) Texrail 50 > 120
7) IDFC First 30 > 90
8) Daawat 70 > 190
9) Auro Pharma 400 > 800+
10) KPIT 500 > 1000+",2023,08,19,amazing x inputs itc mirza demerger hscl apollo micro systems iob texrail idfc first daawat auro pharma kpit,Positive
11,2023-08-18,"But are you ok with that ratio sirji demerger. 
1 for 10 seems to be unfair to ITC shareholders, please share your opinion",2023,08,18,ok ratio sirji demerger seems unfair itc shareholders please share opinion,Positive
12,2023-08-18,"Exciting news for investors!
ITC Hotels' demerger ratio has been approved.
Stay tuned for more updates on share price, listing date, and timeline. 

Know More: https://zeebiz.com/markets/stocks/news-itc-hotels-demerger-ratio-approved-latest-news-share-price-listing-date-timeline-nse-bse-249465‚Ä¶

#ITCHotels 
@ITCCorpCom
 #demerger",2023,08,18,exciting news investors itc hotels demerger ratio approved stay tuned updates share price listing date timeline know itchotels itccorpcom demerger,Positive
13,2023-08-18,"The first reason shareholders are unhappy is the #demerger #swapratio. The board announced swap ratio of 1:10 i.e., shareholders of #ITC Ltd get 1 share of #ITCHotels Ltd for 10 shares of ITC held. Investors feel the swap ratio does not reflect the loss of value for investors",2023,08,18,first reason shareholders unhappy demerger swapratio board announced swap ratio e shareholders itc ltd get share itchotels ltd shares itc held investors feel swap ratio reflect loss value investors,Positive
14,2023-08-18,"In last two weeks, the stock of #ITC has fallen more than 12%. That is a sharp fall for a stock that defied gravity in 2023. Incidentally, the sharp fall in the ITC stock came after the company announced the #demerger of the hotels business, #ITCHotels from the parent company",2023,08,18,last two weeks stock itc fallen sharp fall stock defied gravity incidentally sharp fall itc stock came company announced demerger hotels business itchotels parent company,Negative
15,2023-08-17,"ITC lost 57 rupees after the demerger announcement. Assuming 100 rupees a share valuation for 1 hotel share the fall would have been just 10 a share. However it seems to be heading for a loss of 100 rupees. Are you creating or destroying wealth 
Mr Chairman?
@ITCCorpCom
@dmuthuk",2023,08,17,itc lost rupees demerger announcement assuming rupees share valuation hotel share fall would share however seems heading loss rupees creating destroying wealth mr chairman itccorpcom dmuthuk,Negative
16,2023-08-17,"#ITCHotels' demerger is expected to be completed by Sep'24, while the listing of the new entity is expected to take place in Nov'24. |
@chit_ranjan
 

https://fortuneindia.com/investing/will-itc-hotels-demerger-unlock-value-for-shareholders/113769‚Ä¶

#ITC #ITCHotelsdemerger #ITCHotelslisting #ITCshareholders #ITCshares #demerger #hotel #FMCG #cigarette",2023,08,17,itchotels demerger expected completed sep listing new entity expected take place nov chit ranjan itc itchotelsdemerger itchotelslisting itcshareholders itcshares demerger hotel fmcg cigarette,Positive
17,2023-08-17,"Analyst firms raise #ITC share's target price to Rs 525 following robust Q1 results and approval of hotel business demerger

Read: https://ianslive.in/analyst-firms-raise-itc-share-target-price-to-rs-525-following-robust-q1-results-and-approval-of-hotel-business-demerger--20230817154419‚Ä¶",2023,08,17,analyst firms raise itc share target price rs following robust q results approval hotel business demerger read,Positive
18,2023-08-17,"#ITC shares that was building up for a demerger since long have just languished from the precise day the decision was announced.

Sell on News in play.",2023,08,17,itc shares building demerger since long languished precise day decision announced sell news play,Positive
19,2023-08-17,"Mam but what about ITC? Coming down after demerger news‚Ä¶ 
@kuttrapali26",2023,08,17,mam itc coming demerger news kuttrapali,Positive
20,2023-08-17,What do you think about itc hotel demerger?,2023,08,17,think itc hotel demerger,Positive
21,2023-08-16,"16/08/2023 

 Coal India capex grows 8.5% in April-July FY24

 Infosys gains on expanding strategic collaboration with Liberty Global

 ITC Q1 PAT climbs 17% YoY to Rs 4,903 cr; board nod for ITC Hotel biz demerger

 Divis Lab skid after PAT drops 49% YoY in Q1 FY24",2023,08,16,coal india capex grows april july fy infosys gains expanding strategic collaboration liberty global itc q pat climbs yoy rs cr board nod itc hotel biz demerger divis lab skid pat drops yoy q fy,Positive
22,2023-08-16,Is itc technically weak now? After delivering good results and demerger news also it is struggling,2023,08,16,itc technically weak delivering good results demerger news also struggling,Negative
23,2023-08-16,"ITC demerger:

ITC's demerger structure disappointed investors as it retains 40% stake in the hotels business. 60% stake to be allotted to ITC shareholders, valued at Rs 5625 cr. Market will determine actual valuation when shares list.
#StockMarket #ITC",2023,08,16,itc demerger itc demerger structure disappointed investors retains stake hotels business stake allotted itc shareholders valued rs cr market determine actual valuation shares list stockmarket itc,Negative
24,2023-08-16,"ITC hotel spinoff at 10:1 ratio
@ITCCorpCom
 @ITCHotels
 #demerger #spinoff #hotels #FMCG",2023,08,16,itc hotel spinoff ratio itccorpcom itchotels demerger spinoff hotels fmcg,Positive
25,2023-08-16,"ùêàùêìùêÇ ùêÉùêûùê¶ùêûùê´ùê†ùêûùê´ ‡§™‡§∞ ùêãùêöùê≠ùêûùê¨ùê≠ ùêÆùê©ùêùùêöùê≠ùêû  

To know how much ITC Hotel share you will get watch the full video.
https://youtube.com/watch?v=FyCsdN4H9RA&t=1s‚Ä¶
.
.
.
.
#ITCDemerger #ProfitInsights #itc #hotel #demerger #bignews #latestnews #latestupdates #ipo #StockMarket",2023,08,16,know much itc hotel share get watch full video itcdemerger profitinsights itc hotel demerger bignews latestnews latestupdates ipo stockmarket,Positive
26,2023-08-16,"ITC Hotel Business Demerger: From Entitlement Ratio To Listing, Key Highlights Here

#ITC #ITCHotels",2023,08,16,itc hotel business demerger entitlement ratio listing key highlights itc itchotels,Positive
27,2023-08-16,"#MCPro | #ITC's growth in the core segments of cigarettes and FMCG will now be in focus after the demerger of the company's hotels business.

Read here
https://moneycontrol.com/news/business/earnings/itc-q1f2y4-should-investors-add-the-stock-after-its-huge-outperformance-11195221.html‚Ä¶

#Q1FY24 #Earnings #Stocks",2023,08,16,mcpro itc growth core segments cigarettes fmcg focus demerger company hotels business read q fy earnings stocks,Positive
28,2023-08-16,"#ITC ‡§∏‡•á ‡§π‡•ã‡§ü‡§≤ ‡§ï‡§æ‡§∞‡•ã‡§¨‡§æ‡§∞ ‡§ï‡•á ‡§°‡•Ä‡§Æ‡§∞‡•ç‡§ú‡§∞ ‡§ï‡•ã ‡§Æ‡§Ç‡§ú‡•Ç‡§∞‡•Ä

ITC ‡§∏‡•á ‡§Ö‡§≤‡§ó ‡§π‡•ã‡§ï‡§∞ #ITCHotels ‡§®‡§æ‡§Æ ‡§∏‡•á ‡§®‡§à ‡§ï‡§Ç‡§™‡§®‡•Ä ‡§¨‡§®‡•á‡§ó‡•Ä

ITC ‡§ï‡•á 10 ‡§∂‡•á‡§Ø‡§∞‡•ã‡§Ç ‡§™‡§∞ ITC ‡§π‡•ã‡§ü‡§≤‡•ç‡§∏ ‡§ï‡§æ 1 ‡§∂‡•á‡§Ø‡§∞ ‡§Æ‡§ø‡§≤‡•á‡§ó‡§æ

ITC ‡§π‡•ã‡§ü‡§≤ ‡§ï‡§æ‡§∞‡•ã‡§¨‡§æ‡§∞ #Demerger ‡§ï‡•Ä ‡§°‡•Ä‡§ü‡•á‡§≤ ‡§¶‡•á‡§ñ‡§ø‡§è ‡§á‡§∏ ‡§µ‡•Ä‡§°‡§ø‡§Ø‡•ã ‡§Æ‡•á‡§Ç 
@Nupurkunia
 | #ShareMarket | #StockMarket

Live : https://bit.ly/3OYVbXE",2023,08,16,itc itc itchotels itc itc itc demerger nupurkunia sharemarket stockmarket live,Positive
29,2023-08-16,"ITC share price targets post Q1 results, hotels biz demerger approval & more
@amit_mudgill",2023,08,16,itc share price targets post q results hotels biz demerger approval amit mudgill,Positive
30,2023-08-16,"Aur baki 7 ke badle Mai..??
Can u plz tell me after demerger value of itc",2023,08,16,aur baki ke badle mai u plz tell demerger value itc,Negative
31,2023-08-16," ITC to demerge hotel business, listing in 15 months: Kolkata-based conglomerate plans to publicly list its hotel business as ITC Hotels Ltd. 

Existing shareholders to receive equity shares, maintaining 60% stake; ITC retains 40%.  

#ITC #Demerger #Hotels #ITChotels #market",2023,08,16,itc demerge hotel business listing months kolkata based conglomerate plans publicly list hotel business itc hotels ltd existing shareholders receive equity shares maintaining stake itc retains itc demerger hotels itchotels market,Positive
32,2023-08-16," ITC to demerge hotel business, listing in 15 months: Kolkata-based conglomerate plans to publicly list its hotel business as ITC Hotels Ltd. 

Existing shareholders to receive equity shares, maintaining 60% stake; ITC retains 40%.  

#ITC #Demerger #Hotels #ITChotels #market",2023,08,16,itc demerge hotel business listing months kolkata based conglomerate plans publicly list hotel business itc hotels ltd existing shareholders receive equity shares maintaining stake itc retains itc demerger hotels itchotels market,Positive
33,2023-08-16,"#ITC share price gained a percent after the company reported its Q1 results and approved the demerger of its hotels business. 

ITC shares gained as much as 1.12% to ‚Çπ454.00 apiece on the BSE.",2023,08,16,itc share price gained percent company reported q results approved demerger hotels business itc shares gained much apiece bse,Positive
34,2023-08-16,"#ITCDemerger : ‡§Æ‡•Å‡§®‡§æ‡§´‡•á ‡§Æ‡•á‡§Ç 18% ‡§â‡§õ‡§æ‡§≤ ‡§ï‡•á ‡§∏‡§æ‡§• ITC ‡§ï‡§æ ‡§¶‡§Æ‡§¶‡§æ‡§∞ ‡§™‡•ç‡§∞‡§¶‡§∞‡•ç‡§∂‡§®...‡§π‡•ã‡§ü‡§≤ ‡§ï‡§æ‡§∞‡•ã‡§¨‡§æ‡§∞ ‡§ï‡•á ‡§°‡•Ä‡§Æ‡§∞‡•ç‡§ú‡§∞ ‡§Æ‡•á‡§Ç ITC ‡§ï‡•á 10 ‡§∂‡•á‡§Ø‡§∞‡•ã‡§Ç ‡§™‡§∞ ‡§Æ‡§ø‡§≤‡§æ ITC ‡§π‡•ã‡§ü‡§≤‡•ç‡§∏ ‡§ï‡§æ ‡§è‡§ï ‡§∂‡•á‡§Ø‡§∞... 15 ‡§Æ‡§π‡•Ä‡§®‡•á ‡§Æ‡•á‡§Ç ‡§™‡•Ç‡§∞‡•Ä ‡§π‡•ã‡§ó‡•Ä ‡§™‡•ç‡§∞‡§ï‡•ç‡§∞‡§ø‡§Ø‡§æ...

#ITC #StockMarket 

Zee Business Live :  https://bit.ly/3OYVbXE",2023,08,16,itcdemerger itc itc itc itc stockmarket zee business live,Positive
35,2023-08-15,#IBS #IBSPune #Demerger #ITC #IPO,2023,08,15,ibs ibspune demerger itc ipo,Positive
36,2023-08-15,Infosys ... may   just wait for two qtr results..and ITC may give similar return in year 24 as demerger will happen in 15 months.,2023,08,15,infosys may wait two qtr results itc may give similar return year demerger happen months,Positive
37,2023-08-15,"Indicative timeline for listing of ITC Hotels: ~15 months
Total no. of equity shares of ITC Hotels (pre demerger) will be 83cr
Fresh issue 125cr
So Total no. of equity shares of ITC Hotels (post demerger) will be 208cr

(3/4)",2023,08,15,indicative timeline listing itc hotels months total equity shares itc hotels pre demerger cr fresh issue cr total equity shares itc hotels post demerger cr,Positive
38,2023-08-15,"ITC Hotel - Indicative price per share 

Hotel business of ITC will be demerged from the ITC ltd
ITC ltd will own 40% stake in the company
Shareholders will have 60% stake
Demerger ratio: for every 10 shares of ITC ltd 1 share of the hotel will be given

(1/4)",2023,08,15,itc hotel indicative price per share hotel business itc demerged itc ltd itc ltd stake company shareholders stake demerger ratio every shares itc ltd share hotel given,Positive
39,2023-08-15,"#FCnotes #specialsituation

 on #ITC hotels demerger

ITC Board has approved demerger of Hotels Business. 

The Company thereby had incorporated a new wholly owned subsidiary in the name of 'ITC Hotels Limited' on 28th July, 2023",2023,08,15,fcnotes specialsituation itc hotels demerger itc board approved demerger hotels business company thereby incorporated new wholly owned subsidiary name itc hotels limited th july,Positive
40,2023-08-15,"10: 1 Entitlement Ratio in ITC Ltd Demerger of ITC Hotels https://youtu.be/FLAfa4-mX0U via 
@YouTube",2023,08,15,entitlement ratio itc ltd demerger itc hotels via youtube,Positive
41,2023-08-15,"ITC Hotels Demerger: ITC Shareholders to get 1 share of ITC Hotels for e... https://youtu.be/MOck8BNl68U via 
@YouTube",2023,08,15,itc hotels demerger itc shareholders get share itc hotels e via youtube,Positive
42,2023-08-15,"#ITChotelsLtd & Ansal Hotels Ltd  were a separate listed entity, merged with ITC Ltd. on 1st April 2004

#share exchange ratios in 2004
1- 3 shares of ITC for 25 #shares of ITC Hotels
2- 1 share of ITC for 150 shares of Ansal Hotels
  #Demerger 
@giri10488_vyas
 
@wealth_verse",2023,08,15,itchotelsltd ansal hotels ltd separate listed entity merged itc ltd st april share exchange ratios shares itc shares itc hotels share itc shares ansal hotels demerger giri vyas wealth verse,Positive
43,2023-08-15,"#ITC Board approves demerger of hotels business into ITC Hotels

ITC shareholders to get 1 share in ITC Hotels for 10 shares held

(1)    3 shares of ITC for every 25 shares of ITC Hotels.
(2)    1 share of ITC for every 150 shares of Ansal Hotels.
#ITC #hotel #Demerger",2023,08,15,itc board approves demerger hotels business itc hotels itc shareholders get share itc hotels shares held shares itc every shares itc hotels share itc every shares ansal hotels itc hotel demerger,Positive
44,2023-08-15,"ITC Hotels Demerger News :

Shareholders to get 1 share of ITC Hotels for every 10 shares of parent co.

Explanation..

#itc #news #investing",2023,08,15,itc hotels demerger news shareholders get share itc hotels every shares parent co explanation itc news investing,Positive
45,2023-08-15,"#ITC: Major Board Decision 

ITC's board has given the green light for the demerger of its hotels business into a separate entity, ITC Hotels. 

Shareholders of ITC will receive 1 share in ITC Hotels for every 10 shares held, with an estimated timeline of around 15 months‚Ä¶ Show more",2023,08,15,itc major board decision itc board given green light demerger hotels business separate entity itc hotels shareholders itc receive share itc hotels every shares held estimated timeline around months show,Positive
46,2023-08-15,"ITC share holders are all happy, for different reason altogether. 

Passive Income is 

#Dividend #ITC  #ITCDemerger",2023,08,15,itc share holders happy different reason altogether passive income dividend itc itcdemerger,Positive
47,2023-08-15,"#ITC said its shareholders will hold 100% of the ultimate beneficial economic interest in the hotels business with direct holding of about 60% and indirect holding of about 40% through ITC. 
   Demerger would unlock value of hotels business for existing shareholders of ITC‚Ä¶ Show more",2023,08,15,itc said shareholders hold ultimate beneficial economic interest hotels business direct holding indirect holding itc demerger would unlock value hotels business existing shareholders itc show,Positive
48,2023-08-15,"The Demerger news itself will flock ITC shareholders to add more, atleast in the multiples of 10s

Even I have to add the same.",2023,08,15,demerger news flock itc shareholders add atleast multiples even add,Positive
49,2023-08-15,"@CNBCTV18News
@ITCCorpCom
what abt shareholder holding 17 shares of ITC under demerger ?",2023,08,15,cnbctv news itccorpcom abt shareholder holding shares itc demerger,Positive
50,2023-08-15,"ITC Q1 results:

Net profit jumps 17.58% to ‚Çπ4902.74 crore
Revenue falls 7% at ‚Çπ16995.49 crore
Exceeds estimates
EBIDTA grows 10.7% at ‚Çπ6250.1 crore

The Board at its meeting held today subject to necessary approvals, considered and approved demerger of Hotels Business",2023,08,15,itc q results net profit jumps crore revenue falls crore exceeds estimates ebidta grows crore board meeting held today subject necessary approvals considered approved demerger hotels business,Positive
51,2023-08-14,#ITC demerger,2023,08,14,itc demerger,Positive
52,2023-08-14,"ITC approves demerger of hotel business.
Under the demerger, shareholders will get one share of hotels business for every 10 shares held in ITC.
.
#LearningAbility #ITC #ITCltd #ITChotel #shares",2023,08,14,itc approves demerger hotel business demerger shareholders get one share hotels business every shares held itc learningability itc itcltd itchotel shares,Positive
53,2023-08-14,"Hopeless scheme for ITC hotels demerger , i thought it will be atleast 1:6 ! Why do you even want to give 1:10 
@ITCCorpCom
 , keep it with you only    https://m.economictimes.com/markets/stocks/news/itc-hotels-demerger-shareholders-to-get-1-share-of-itc-hotels-for-every-10-shares-of-parent/amp_articleshow/102724622.cms‚Ä¶",2023,08,14,hopeless scheme itc hotels demerger thought atleast even want give itccorpcom keep,Negative
54,2023-08-14,"#ITC board approved the scheme of arrangement involving the demerger of its hospitality business, 
@ishitaadutt
 reports.

#ITChotels",2023,08,14,itc board approved scheme arrangement involving demerger hospitality business ishitaadutt reports itchotels,Positive
55,2023-08-14,"ITC Hotel's demerger: Don't focus on the number of shares, look at value  

1 share of the Hotel biz for every 10 ITC shares is fair, as the Hotel biz is valued at 8-9/current ITC share. 

It's like getting Rs 100 in ten 10 rupee notes or two 50 rupee notes. It doesn't matter,‚Ä¶ Show more",2023,08,14,itc hotel demerger focus number shares look value share hotel biz every itc shares fair hotel biz valued current itc share like getting rs ten rupee notes two rupee notes matter show,Positive
56,2023-08-14,Worthless mindless demerger scheme. ITC should come out clean and explain stakeholders else everyone should vote against the proposal.,2023,08,14,worthless mindless demerger scheme itc come clean explain stakeholders else everyone vote proposal,Negative
57,2023-08-14,"ITC Announces Share Entitlement Ratio of 1:10 for Demerger of Hotels Business 

#itc #itchotels #TheBlock #JENNIE
#hotels #financialmarkets #TrendingNow",2023,08,14,itc announces share entitlement ratio demerger hotels business itc itchotels theblock jennie hotels financialmarkets trendingnow,Positive
58,2023-08-14,"ITC on Monday approved the scheme of arrangement involving the demerger of its hotels business into a separate listed subsidiary.
Under the demerger plan, shareholders of ITC will get 1 share in the demerged hotels business for every 10 shares held in the parent company.
#Results",2023,08,14,itc monday approved scheme arrangement involving demerger hotels business separate listed subsidiary demerger plan shareholders itc get share demerged hotels business every shares held parent company results,Positive
59,2023-08-14,"The #Q1FY24 results of #ITC are a bit lukewarm with softer performance, but the disappointment lies in the #demerger swap ratio. The company has announced giving one share of the #hotelbusiness for every 10 #shares of #ITC_Ltd.",2023,08,14,q fy results itc bit lukewarm softer performance disappointment lies demerger swap ratio company announced giving one share hotelbusiness every shares itc ltd,Negative
60,2023-08-14,Sir your take on ITC result and demerger ratio?,2023,08,14,sir take itc result demerger ratio,Positive
61,2023-08-14,"ITC Hotels Demerger: Shareholders to get 1 share of ITC Hotels for every 10 shares of parent company

 Thought it is a good sign that he company has taken steps on unlocking the value but the larger picture is still unclear.

- ITC holds many businesses withing itself and‚Ä¶ Show more",2023,08,14,itc hotels demerger shareholders get share itc hotels every shares parent company thought good sign company taken steps unlocking value larger picture still unclear itc holds many businesses withing show,Positive
62,2023-08-14,"4/4 The demerger plan is subject to necessary approvals from various regulatory bodies, including shareholders, creditors, stock exchanges, and regulatory authorities. Once approved, the indicative timeline for listing ITC Hotels is approximately 15 months.  
#ITC #stocks",2023,08,14,demerger plan subject necessary approvals various regulatory bodies including shareholders creditors stock exchanges regulatory authorities approved indicative timeline listing itc hotels approximately months itc stocks,Positive
63,2023-08-14,"2/4 Shareholders of ITC will hold about 60% of the new hotels company, while the remaining 40% will be held by ITC. This strategic demerger reflects ITC's commitment to maximizing shareholder value and creating distinct entities.  #Shareholders #ValueCreation",2023,08,14,shareholders itc hold new hotels company remaining held itc strategic demerger reflects itc commitment maximizing shareholder value creating distinct entities shareholders valuecreation,Positive
64,2023-08-14,"1/4 Exciting news! 
 ITC, the Indian conglomerate, is set to demerge its Hotels business into a separate listed entity, creating a pure play hotels company. 
 #ITC #Hotels #Demerger",2023,08,14,exciting news itc indian conglomerate set demerge hotels business separate listed entity creating pure play hotels company itc hotels demerger,Positive
65,2023-08-14,"ITC Hotel Demerger shareholders will get 1 share of ITC Hotel for every 10 shares in ITC. 
#ITC",2023,08,14,itc hotel demerger shareholders get share itc hotel every shares itc itc,Positive
66,2023-08-14,"#ITC Board approves demerger of hotels business into ITC Hotels

ITC shareholders to get 1 share in ITC Hotels for 10 shares held.",2023,08,14,itc board approves demerger hotels business itc hotels itc shareholders get share itc hotels shares held,Positive
67,2023-08-14,"ITC Q1 consolidated PAT 5180.12 cr marginally above the estimate and Revenue Rs 18,639.48cr below expected. Company announces 1:10 ratio for hotel business demerger",2023,08,14,itc q consolidated pat cr marginally estimate revenue rs cr expected company announces ratio hotel business demerger,Negative
68,2023-08-14,#LeadStoryOnET | ITC Hotels Demerger: Shareholders to get 1 share of ITC Hotels for every 10 shares of parent,2023,08,14,leadstoryonet itc hotels demerger shareholders get share itc hotels every shares parent,Positive
69,2023-08-14,"ITC Board approves hotel business demerger, listing in 15 months. 

Shareholders of #ITC will get 1 share in the demerged hotels business for every 10 shares held in the parent company. 

#trading #investing #stocks #StockMarketindia 
@kuttrapali26
 @KommawarSwapnil",2023,08,14,itc board approves hotel business demerger listing months shareholders itc get share demerged hotels business every shares held parent company trading investing stocks stockmarketindia kuttrapali kommawarswapnil,Positive
70,2023-08-14,"The #ITC board has approved the demerger of the hotels business.  

Asper the scheme of the arrangement, shareholders of 
@ITCCorpCom
 will get one share of the hotel business for every 10 shares they hold in the company.  
@Shilparanipeta
 

https://cnbctv18.com/news/itc-shareholders-to-get-one-share-of-hotels-busines-for-every-10-shares-held-in-co-17528841.htm‚Ä¶",2023,08,14,itc board approved demerger hotels business asper scheme arrangement shareholders itccorpcom get one share hotel business every shares hold company shilparanipeta,Positive
71,2023-08-14,"#ITC Board approves demerger of hotels business into ITC Hotels

ITC shareholders to get 1 share in ITC Hotels for 10 shares held

Do  you know this interesting fact
ITC Hotels Ltd. (a separate listed entity) and Ansal Hotels Ltd  were merged with ITC Ltd. on April 1, 2004.‚Ä¶ Show more",2023,08,14,itc board approves demerger hotels business itc hotels itc shareholders get share itc hotels shares held know interesting fact itc hotels ltd separate listed entity ansal hotels ltd merged itc ltd april show,Positive
72,2023-08-14,"#ITC: Board approves demerger of hotels business into ITC Hotels

ITC shareholders to get 1 share in ITC Hotels for 10 shares held

Indicative timeline for listing of ITC Hotels is around 15 mos

#doyouknow 

ITC Hotels Ltd. (a separate listed entity) and Ansal Hotels Ltd  were‚Ä¶ Show more",2023,08,14,itc board approves demerger hotels business itc hotels itc shareholders get share itc hotels shares held indicative timeline listing itc hotels around mos doyouknow itc hotels ltd separate listed entity ansal hotels ltd show,Positive
73,2023-08-14,ITC Hotel Demerger Structure,2023,08,14,itc hotel demerger structure,Positive
74,2023-08-14,"What a demerger mockery by ITC for shareholders.
Small shareholders should join hands and vote against the proposal. 
@SebiSlots
 
@ITCCorpCom
 
@AnilSinghvi_
 
@CNBC_Awaaz
 
@CNBCTV18News
 
@ZeeBusiness",2023,08,14,demerger mockery itc shareholders small shareholders join hands vote proposal sebislots itccorpcom anilsinghvi cnbc awaaz cnbctv news zeebusiness,Negative
75,2023-08-14,"With the demerger, for every 10 shares owned in #ITC, shareholders will receive one share from the hotels business. Expected listing in 15 months.

#ITCHotels #demerger",2023,08,14,demerger every shares owned itc shareholders receive one share hotels business expected listing months itchotels demerger,Positive
76,2023-08-14,"#Results #ITC #Update #demerger

#NSE #BSE #NIFTY #SENSEX #TRADING #INVESTING",2023,08,14,results itc update demerger nse bse nifty sensex trading investing,Positive
77,2023-08-14," ITC's Q1FY24 Highlights:

 Net Profit Surge: Standalone net profit reaches Rs 4902.74 crore, up by 17.58% YoY, showcasing strong growth.

 Total Revenue Dip: Total revenue at Rs 16,995.49 crore, down 7.2% YoY, reflecting challenges.

 Hotels Business Demerger: Board‚Ä¶ Show more",2023,08,14,itc q fy highlights net profit surge standalone net profit reaches rs crore yoy showcasing strong growth total revenue dip total revenue rs crore yoy reflecting challenges hotels business demerger board show,Positive
78,2023-08-14,"And as I mentioned earlier as well,

ITC hotel demerger becomes a non event for a normal investor.",2023,08,14,mentioned earlier well itc hotel demerger becomes non event normal investor,Positive
79,2023-08-14,"#BusinessNews: ITC ‡§ï‡•á ‡§π‡•ã‡§ü‡§≤ ‡§¨‡§ø‡§ú‡§®‡•á‡§∏ ‡§°‡•Ä‡§Æ‡§∞‡•ç‡§ú‡§∞ ‡§ï‡•ã ‡§¨‡•ã‡§∞‡•ç‡§° ‡§∏‡•á ‡§Æ‡§ø‡§≤‡•Ä ‡§Æ‡§Ç‡§ú‡•Ç‡§∞‡•Ä, ‡§ï‡•ç‡§Ø‡§æ ‡§ï‡•ã‡§∞ ‡§¨‡§ø‡§ú‡§®‡•á‡§∏ ‡§™‡§∞ ‡§¨‡§¢‡§º‡•á‡§ó‡§æ ‡§ï‡§Ç‡§™‡§®‡•Ä ‡§ï‡§æ ‡§´‡•ã‡§ï‡§∏?
@ITCCorpCom
 

#ITC #sharemarket #hotelbusinessnews #itcdemerger #demerger #LatestNews #moneycontrol",2023,08,14,businessnews itc itccorpcom itc sharemarket hotelbusinessnews itcdemerger demerger latestnews moneycontrol,Positive
80,2023-08-14,"ITC's board approves demerger of hotels business, with new entity to be listed in about 15 months. 

Shareholders to get 1 share of hotels business for every 10 shares in ITC. ITC Hotels to have license for ITC brand name.  

#ITC #Hotels #demerger #market #marketupdates",2023,08,14,itc board approves demerger hotels business new entity listed months shareholders get share hotels business every shares itc itc hotels license itc brand name itc hotels demerger market marketupdates,Positive
81,2023-08-14,"ITC demerger
 1 ITC will get 10 ITC Hotels #update #demerger #ITC #sharemarket",2023,08,14,itc demerger itc get itc hotels update demerger itc sharemarket,Positive
82,2023-08-14,"#ITC approved the demerger of its hotels business into a separate entity.

Shareholders of ITC will get 1 share in the demerged hotels business for every 10 shares held in the parent company.

#StockMarket 
#stocks 
#stockstowatch 
#StocksInFocus",2023,08,14,itc approved demerger hotels business separate entity shareholders itc get share demerged hotels business every shares held parent company stockmarket stocks stockstowatch stocksinfocus,Positive
83,2023-08-14,"ITC Hotels Demerger:

The Board approved the scheme of arrangement involving the demerger of its hotel business into a separate subsidiary. 

Under the demerger, shareholders of ITC will get 1 share in the demerged hotels business for every 10 shares held in the parent company‚Ä¶ Show more",2023,08,14,itc hotels demerger board approved scheme arrangement involving demerger hotel business separate subsidiary demerger shareholders itc get share demerged hotels business every shares held parent company show,Positive
84,2023-08-14,"#ITC | ITC shall become the 2nd largest FMCG company in India by revenue post ITC hotel demerger

Amul group to become #1 FMCG company of India with revenue over Rs 72,000 cr

Unlike Electronics industry, Indianbrands are dominating FMCG market (except Unilever and Nestle)",2023,08,14,itc itc shall become nd largest fmcg company india revenue post itc hotel demerger amul group become fmcg company india revenue rs cr unlike electronics industry indianbrands dominating fmcg market except unilever nestle,Positive
85,2023-08-14,"#ITC: Board approves demerger of hotels business into ITC Hotels

ITC shareholders to get 1 share in ITC Hotels for 10 shares held

Indicative timeline for listing of ITC Hotels is around 15 mos. #Nifty #ITC #investing",2023,08,14,itc board approves demerger hotels business itc hotels itc shareholders get share itc hotels shares held indicative timeline listing itc hotels around mos nifty itc investing,Positive
86,2023-08-14,"ITC Hotels Demerger: Shareholders to get 1 share of ITC Hotels for every 10 shares of parent co

https://economictimes.indiatimes.com/markets/stocks/news/itc-hotels-demerger-shareholders-to-get-1-share-of-itc-hotels-for-every-10-shares-of-parent/articleshow/102724622.cms‚Ä¶
 via ET Markets App(Download Now):
 https://etmarketapps.page.link/refsharing",2023,08,14,itc hotels demerger shareholders get share itc hotels every shares parent co via et markets app download,Positive
87,2023-08-14,"ITC Demerger News - 

ITC shareholders to get 1 share in ITC Hotels for 10 shares held

FY23 revenue of Hotels - 2573 Cr (3.7% of the total standalone turnover of ITC Ltd.)

Also stake buys in 2 hotel companies -

No reco.",2023,08,14,itc demerger news itc shareholders get share itc hotels shares held fy revenue hotels cr total standalone turnover itc ltd also stake buys hotel companies reco,Positive
88,2023-08-14,"#ITC: Board approves demerger of hotels business into ITC Hotels

ITC shareholders to get 1 share in ITC Hotels for 10 shares held

Indicative timeline for listing of ITC Hotels is around 15 mos

#doyouknow 

ITC Hotels Ltd. (a separate listed entity) and Ansal Hotels Ltd  were‚Ä¶ Show more",2023,08,14,itc board approves demerger hotels business itc hotels itc shareholders get share itc hotels shares held indicative timeline listing itc hotels around mos doyouknow itc hotels ltd separate listed entity ansal hotels ltd show,Positive
89,2023-08-14,#NewsAlert  #ITC approves demerger of hotels business,2023,08,14,newsalert itc approves demerger hotels business,Positive
90,2023-08-13,"Equity entitlement ratio is determined through mathematical principles, not just valuations, as mentioned by 
@Equitywithrahul
. Interesting breakdown of the ITC Hotels demerger 
@business_today
 #ITC #ITChotels #Demerger #Finance",2023,08,13,equity entitlement ratio determined mathematical principles valuations mentioned equitywithrahul interesting breakdown itc hotels demerger business today itc itchotels demerger finance,Positive
91,2023-08-12, ITC's Sanjiv Puri envisions growth with hotels demerger. Seizing opportunities in India's booming hospitality sector. #HospitalityGrowth #ITC Read more:,2023,08,12,itc sanjiv puri envisions growth hotels demerger seizing opportunities india booming hospitality sector hospitalitygrowth itc read,Positive
92,2023-08-12, ITC's strategic move! Hotel business demerger to boost capital allocation and shareholder value. #ITC #BusinessDemerger Read more:,2023,08,12,itc strategic move hotel business demerger boost capital allocation shareholder value itc businessdemerger read,Positive
93,2023-08-12,"Nice analysis of the unaltered ownership pattern in the ITC demerger, aiding shareholders in comprehending the intricacies, good article by 
@Equitywithrahul
 @business_today
 #Demerger #Finance",2023,08,12,nice analysis unaltered ownership pattern itc demerger aiding shareholders comprehending intricacies good article equitywithrahul business today demerger finance,Positive
94,2023-08-12,"Post hotel demerger ITC bets big on FMCG: With more than 25 brands, the annual consumer spend is around Rs 29,000 crore. The addressable market for the FMCG vertical of ITC is $5 trillion, its MD & Chairman Puri says.

https://deccanherald.com/business/post-hotel-demerger-itc-bets-big-on-fmcg-2644818?utm_source=twitter&utm_medium=referral&utm_campaign=socialshare‚Ä¶ via 
@deccanherald",2023,08,12,post hotel demerger itc bets big fmcg brands annual consumer spend around rs crore addressable market fmcg vertical itc trillion md chairman puri says via deccanherald,Positive
95,2023-08-12,"Hotel Business Demerger To Sharpen ITC's Capital Allocation, Improve Asset Efficiency Ratios",2023,08,12,hotel business demerger sharpen itc capital allocation improve asset efficiency ratios,Positive
96,2023-08-12," Hospitality Horizon: 
@ITCHotels
  Business embraces a new era with a proposed demerger, enhancing stability, value, and growth. As India's tourism potential soars, ITC's presence is set to leave an indelible mark in the hospitality industry. A saga of opportunities awaits! ",2023,08,12,hospitality horizon itchotels business embraces new era proposed demerger enhancing stability value growth india tourism potential soars itc presence set leave indelible mark hospitality industry saga opportunities awaits,Positive
97,2023-08-12,Itc just doing the stupid business like fmcg and all. Just management want to safe their position. Also look the demerger of hotel business no one called that corporate action as 'demerger'.,2023,08,12,itc stupid business like fmcg management want safe position also look demerger hotel business one called corporate action demerger,Negative
98,2023-08-11,"During the #ITC AGM 2023, #SanjivPuri, the Chairman and Managing Director, emphasized that the recently announced demerger of #ITCHotels from the parent company would have multiple positive impacts. 

Read Full Article Here:
https://innovativezoneindia.com/highlights-of-cmd-sanjiv-puri-itc/‚Ä¶.",2023,08,11,itc agm sanjivpuri chairman managing director emphasized recently announced demerger itchotels parent company would multiple positive impacts read full article,Positive
99,2023-08-11,"#ITC AGM

‚Ä¢On hotel biz demerger:
Will sharpen ITC's capital allocation, improve asset efficiency ratios

‚Ä¢Built FMCG portfolio of 25+ brands, addressable market: Rs 5L Cr

‚Ä¢2 FMCG brands in Rs 5K cr spends league,  5 between 1K-4K cr
@ITCCorpCom",2023,08,11,itc agm hotel biz demerger sharpen itc capital allocation improve asset efficiency ratios built fmcg portfolio brands addressable market rs l cr fmcg brands rs k cr spends league k k cr itccorpcom,Positive
100,2023-08-11,""" Exciting news from ITC! Chairman & MD Sanjiv Puri highlights how the hotel business demerger will boost capital allocation, enhance asset efficiency, unlock shareholder value, and harness institutional synergies.  #ITC #BusinessDemerger #ValueUnlocked""",2023,08,11,exciting news itc chairman md sanjiv puri highlights hotel business demerger boost capital allocation enhance asset efficiency unlock shareholder value harness institutional synergies itc businessdemerger valueunlocked,Positive
101,2023-08-11,ITC's #BoardMeeting is set to announce the June quarter results & details of the scheme of arrangement for the demerger. #ITC #MondayMotivation,2023,08,11,itc boardmeeting set announce june quarter results details scheme arrangement demerger itc mondaymotivation,Positive
102,2023-08-11,"The demerger of #ITC's hotel business will sharpen capital allocation, improve asset efficiency ratios, unlock value for its shareholders as well as enable leveraging of institutional synergies, said company chairman and MD Sanjiv Puri",2023,08,11,demerger itc hotel business sharpen capital allocation improve asset efficiency ratios unlock value shareholders well enable leveraging institutional synergies said company chairman md sanjiv puri,Positive
103,2023-08-11,"#ITCAGM | ITC CMD #SanjivPuri addressed shareholders during its 112th AGM, where he spoke about the conglomerate's business plans, the demerger of its hotels business and more. 
@ITCCorpCom
 #ITC 

These are the key highlights  ",2023,08,11,itcagm itc cmd sanjivpuri addressed shareholders th agm spoke conglomerate business plans demerger hotels business itccorpcom itc key highlights,Positive
104,2023-08-11,All the ITC Gyaanis giving gyaan about the demerger should read what itc did to the hotels in early 2000s and what reasons it gave. You‚Äôll find a lot of similarities to the reasoning.,2023,08,11,itc gyaanis giving gyaan demerger read itc hotels early reasons gave find lot similarities reasoning,Positive
105,2023-08-11,ITC board meeting on 14 to decide issues relating to demerger of hotel business,2023,08,11,itc board meeting decide issues relating demerger hotel business,Positive
106,2023-08-09,"ITC - The New Journey after the most awaited Demerger starts??

Observations :-

* Bullish Candle at support zone with supportive volumes

* Tested 55 Dema after a long time so healthy pullback done with Oscillators being oversold

* Closed at last 3 days high, follow up buying‚Ä¶ Show more",2023,08,09,itc new journey awaited demerger starts observations bullish candle support zone supportive volumes tested dema long time healthy pullback done oscillators oversold closed last days high follow buying show,Positive
107,2023-08-09,"Hello Jeetu Bhaiya.. Hope you are doing good. ITC was moving in channel, it came down one way due to demerger news annd breakdown the channel. Can CMP is the good opportunity to accumulate on the basis of demand and supply method?
@krunalparab_",2023,08,09,hello jeetu bhaiya hope good itc moving channel came one way due demerger news annd breakdown channel cmp good opportunity accumulate basis demand supply method krunalparab,Positive
108,2023-08-09,"Trading for Beginners | Safety | Basic Techniques

#iamsrimantha #trader #trading #itcdemerger #stockanalysisfundamentals  #FuturesandOptions #tradefutures #finnifty #futureandoptionsinsharemarket #futureandoptiontrading #fandotrading",2023,08,09,trading beginners safety basic techniques iamsrimantha trader trading itcdemerger stockanalysisfundamentals futuresandoptions tradefutures finnifty futureandoptionsinsharemarket futureandoptiontrading fandotrading,Positive
109,2023-08-08,After Demerger Announcement ITC Likely To Launch IPO For Its Hotel Business In 2024,2023,08,08,demerger announcement itc likely launch ipo hotel business,Positive
110,2023-08-07,"NIIT Ltd has demerged its B2C arm, NLSL into a separate entity that will list tomorrow. 

NLSL is to NIIT what the cigarette business is to ITC, with a bonus of growth. So how are things stacked up post-demerger?

#NIIT #NLSL #Demerger

https://capitalmind.in/2023/08/niit-learning-systems-demerger-implications/‚Ä¶",2023,08,07,niit ltd demerged b c arm nlsl separate entity list tomorrow nlsl niit cigarette business itc bonus growth things stacked post demerger niit nlsl demerger,Positive
111,2023-08-04,"ITC hotel biz demerger allays capital allocation concerns, say analysts",2023,08,04,itc hotel biz demerger allays capital allocation concerns say analysts,Positive
112,2023-08-04,"ITC board gives in-principle nod for demerger of hotels business; stock falls over 3% 
 ... https://digitrixlive.xyz/itc-board-gives-in-principle-nod-for-demerger-of-hotels-business-stock-falls-over-3/?feed_id=33746&_unique_id=64cca9ae5e5ab‚Ä¶",2023,08,04,itc board gives principle nod demerger hotels business stock falls,Positive
113,2023-08-04,"ITC board approves demerger of hotel business, to hold 40% stake in new entity Cigarettes-to-hotels main ITC Ltd on Mon... https://digitrixlive.xyz/itc-board-approves-demerger-of-hotel-business-to-hold-40-stake-in-new-entity/?feed_id=33742&_unique_id=64cca78a628d3‚Ä¶",2023,08,04,itc board approves demerger hotel business hold stake new entity cigarettes hotels main itc ltd mon,Positive
114,2023-08-04,"Why ITC share price fell 4% on much-awaited hotel business demerger announcement? - Explained 
 ... https://digitrixlive.xyz/why-itc-share-price-fell-4-on-much-awaited-hotel-business-demerger-announcement-explained/?feed_id=33718&_unique_id=64cc9b9b2f669‚Ä¶",2023,08,04,itc share price fell much awaited hotel business demerger announcement explained,Negative
115,2023-08-04,"ITC board gives in-principle nod for demerger of hotels business; stock falls over 3% 
 ... https://digitrixlive.xyz/itc-board-gives-in-principle-nod-for-demerger-of-hotels-business-stock-falls-over-3/?feed_id=33746&_unique_id=64cca9ae5e5ab‚Ä¶",2023,08,04,itc board gives principle nod demerger hotels business stock falls,Positive
116,2023-08-04,"ITC board approves demerger of hotel business, to hold 40% stake in new entity Cigarettes-to-hotels main ITC Ltd on Mon... https://digitrixlive.xyz/itc-board-approves-demerger-of-hotel-business-to-hold-40-stake-in-new-entity/?feed_id=33742&_unique_id=64cca78a628d3‚Ä¶",2023,08,04,itc board approves demerger hotel business hold stake new entity cigarettes hotels main itc ltd mon,Positive
117,2023-08-04,"Why ITC share price fell 4% on much-awaited hotel business demerger announcement? - Explained 
 ... https://digitrixlive.xyz/why-itc-share-price-fell-4-on-much-awaited-hotel-business-demerger-announcement-explained/?feed_id=33718&_unique_id=64cc9b9b2f669‚Ä¶",2023,08,04,itc share price fell much awaited hotel business demerger announcement explained,Negative
118,2023-08-04,ITC hotels: ITC board gives in-principle nod for demerger of hotels business The board of FMCG main ITC at Monday's a... https://digitrixlive.xyz/itc-hotels-itc-board-gives-in-principle-nod-for-demerger-of-hotels-business/?feed_id=33717&_unique_id=64cc9aa632bf3‚Ä¶,2023,08,04,itc hotels itc board gives principle nod demerger hotels business board fmcg main itc monday,Positive
119,2023-08-04,"ITC hotel business demerger: ITC board approves demerger of hotels business, share price drops 4% Ending months of hypothesis, cigarette-t... https://digitrixlive.xyz/itc-hotel-business-demerger-itc-board-approves-demerger-of-hotels-business-share-price-drops-4/?feed_id=33660&_unique_id=64cc7ab4684ed‚Ä¶",2023,08,04,itc hotel business demerger itc board approves demerger hotels business share price drops ending months hypothesis cigarette,Negative
120,2023-08-04,ITC hotels demerger to unlock value for 30 lakh shareholders. But what disappointed investors? In a basic instance of how the idea of '... https://digitrixlive.xyz/itc-hotels-demerger-to-unlock-value-for-30-lakh-shareholders-but-what-disappointed-investors/?feed_id=33582&_unique_id=64cc4f668545f‚Ä¶,2023,08,04,itc hotels demerger unlock value lakh shareholders disappointed investors basic instance idea,Negative
121,2023-08-01,"After the demerger, do you still think that ITC is a good investment? 
https://instagram.com/p/CvaB8pCB2fV/?igshid=NjIwNzIyMDk2Mg==‚Ä¶

However, this plan needs final approval from the board, which will be decided on #august 14 2023.
.
.
.
#stockmarkets #ITC #investing #demerger #Nifty #NSE",2023,08,01,demerger still think itc good investment however plan needs final approval board decided august stockmarkets itc investing demerger nifty nse,Negative
122,2023-08-01,"#ITC to not buy a stake in hotels if BAT wants an exit post demerger
@nehavashishth90",2023,08,01,itc buy stake hotels bat wants exit post demerger nehavashishth,Positive
123,2023-08-01,ITC Demerger likely to happen in FY25: What to do as an investor? http://dlvr.it/St270p,2023,08,01,itc demerger likely happen fy investor,Negative
124,2023-07-31,"https://t.me/weeklyhighlights‚Ä¶

Weekly Highlights:

1. BlackRock to re-enter India's MF industry with Jio
2. ITC's board has cleared demerger of its hotel business
3. India will move to a T+1 market settlement from Oct 1, 2023
4. EPF interest hiked by 0.05% to 8.15% for FY22-23",2023,07,31,weekly highlights blackrock enter india mf industry jio itc board cleared demerger hotel business india move market settlement oct epf interest hiked fy,Positive
125,2023-07-31,"40% with ITC, 18% with BAT...hesitant demerger!",2023,07,31,itc bat hesitant demerger,Negative
126,2023-07-31,"ITC: 'Won't buy a stake in hotels if BAT wants an exit post demerger'
Catch the day's latest news and updates   https://bit.ly/456dGP2",2023,07,31,itc buy stake hotels bat wants exit post demerger catch day latest news updates,Positive
127,2023-07-31,"ITC ‡§ö‡§æ ‡§°‡•Ä-‡§Æ‡§∞‡•ç‡§ú‡§∞‡§ö‡§æ ‡§®‡§ø‡§∞‡•ç‡§£‡§Ø ‡§ö‡•Å‡§ï‡§≤‡§æ ‡§ï‡§æ? 
#itcompany #demerger",2023,07,31,itc itcompany demerger,Negative
128,2023-07-31,"ITC demerger news today Share market News Tamil Pangu Sandhai Piramal Ph... https://youtu.be/Plm8ekI2Q1g via 
@YouTube",2023,07,31,itc demerger news today share market news tamil pangu sandhai piramal ph via youtube,Positive
129,2023-07-30,"Demerger of ITC hotel good 
Why?
Hotel business contribute only 2% in profit but required 20% of capax.
Moving out hotel business will do 2 things
1) better use of cash
2) more dividends 

ITC's hotel business demerger raises questions on capex funding",2023,07,30,demerger itc hotel good hotel business contribute profit required capax moving hotel business things better use cash dividends itc hotel business demerger raises questions capex funding,Negative
130,2023-07-30,Sir I purchased itc shares at the 452 (50 quantity) . Before the demerger news the share was at its peak but now after the news it has come up to 462. I am unable to understand that should I sell it off? or wait for the recovery.,2023,07,30,sir purchased itc shares quantity demerger news share peak news come unable understand sell wait recovery,Negative
131,2023-07-30,"Here is the reason why ITC might have done partial Demerger - A well thought and planned strategy
@bharatbetpf
 you might like this..!",2023,07,30,reason itc might done partial demerger well thought planned strategy bharatbetpf might like,Negative
132,2023-07-30,"Why ITC kept 40% stake in ITC Hotels?

Reason is here 

#ITC #ITCHotels #Demerger",2023,07,30,itc kept stake itc hotels reason itc itchotels demerger,Positive
133,2023-07-30,"#ITC has given a dream run up from 200 levels to 500! A massive 140% up move in just 1.5 years!
I believe the market was already incorporating the news of #demerger. Once the news of demerger was out, profit booking started.

But I believe true value unlocking is yet to begin.‚Ä¶ Show more",2023,07,30,itc given dream run levels massive move years believe market already incorporating news demerger news demerger profit booking started believe true value unlocking yet begin show,Positive
134,2023-07-29,"@AnilSinghvi_
 
Sir if you can explain how demerger in ITC will effect F&o",2023,07,29,anilsinghvi sir explain demerger itc effect f,Positive
135,2023-07-29,Long term #ITC shareholder‚Äôs reaction to the demerger noise. ,2023,07,29,long term itc shareholder reaction demerger noise,Negative
136,2023-07-29,"ITC Hotels demerger to unlock value; brokerages bullish, set ITC stock targets above Rs 500",2023,07,29,itc hotels demerger unlock value brokerages bullish set itc stock targets rs,Negative
137,2023-07-29,"What a month for Indian Stock Markets?

HDFC twins have got merged

ITC announces demerger of hotels business

Reliance demerges Reliance Strategic Investments - Jio Financial Services

Tata Motors to convert DVR shares to ordinary shares

What's next...
#markets",2023,07,29,month indian stock markets hdfc twins got merged itc announces demerger hotels business reliance demerges reliance strategic investments jio financial services tata motors convert dvr shares ordinary shares next markets,Positive
138,2023-07-29,"Best of the Week, 29 July: ITC's demerger, Hero's lost mojo, and the cannabis fortune.",2023,07,29,best week july itc demerger hero lost mojo cannabis fortune,Positive
139,2023-07-29,"ITC clarifies it won't buy stake in hotels if BAT wants an exit after demerger https://ecoti.in/-P_diY via 
@economictimes",2023,07,29,itc clarifies buy stake hotels bat wants exit demerger via economictimes,Positive
140,2023-07-28,Royalty-like arrangement for ITC Hotels to use ITC brands: Sanjiv Puri on demerger -,2023,07,28,royalty like arrangement itc hotels use itc brands sanjiv puri demerger,Positive
141,2023-07-28,"#ITC ‡§π‡•ã‡§ü‡§≤ ‡§ï‡§æ‡§∞‡•ã‡§¨‡§æ‡§∞ ‡§ï‡§æ ‡§°‡•Ä‡§Æ‡§∞‡•ç‡§ú‡§∞ ‡§¶‡•ã‡§®‡•ã‡§Ç ‡§ï‡§Ç‡§™‡§®‡§ø‡§Ø‡•ã‡§Ç ‡§î‡§∞ ‡§Æ‡•å‡§ú‡•Ç‡§¶‡§æ ‡§∂‡•á‡§Ø‡§∞‡§ß‡§æ‡§∞‡§ï‡•ã‡§Ç, ‡§∏‡§≠‡•Ä ‡§ï‡•á ‡§≤‡§ø‡§è ‡§´‡§æ‡§Ø‡§¶‡•á‡§Æ‡§Ç‡§¶ ‡§∏‡§æ‡§¨‡§ø‡§§ ‡§π‡•ã‡§ó‡§æ: MD ‡§∏‡§Ç‡§ú‡•Ä‡§µ ‡§™‡•Å‡§∞‡•Ä

#ITCDemerger

‡§´‡•â‡§≤‡•ã ‡§ï‡§∞‡•á‡§Ç: 
http://hindi.bqprime.com 
http://instagram.com/bqprimehindi 
http://youtube.com/@bqprimehindi",2023,07,28,itc md itcdemerger,Positive
142,2023-07-28,#ITC has told analysts that it won't be a buyer in case a large shareholder like BAT wants to exit the hotels business following its demerger into a new subsidiary.,2023,07,28,itc told analysts buyer case large shareholder like bat wants exit hotels business following demerger new subsidiary,Positive
143,2023-07-28,"#podcast
#ETMorningBriefPodcast 

#ITC‚Äôs demerger of its hotels business has been a market buzz for years. Now it‚Äôs happening. But it‚Äôs a damp squib.
@Kiran_ET
 analyses why there‚Äôs still little to be excited about India‚Äôs #meme #stock",2023,07,28,podcast etmorningbriefpodcast itc demerger hotels business market buzz years happening damp squib kiran et analyses still little excited india meme stock,Negative
144,2023-07-28,"#MCPro | #ITC‚Äôs analyst call to explain the demerger logic addressed concerns raised by the Street, explaining the reason for the structure. What's the final verdict?
@ravi_ananth
 explains 

https://moneycontrol.com/news/opinion/itcs-hotels-demerger-has-the-air-cleared-after-the-analyst-call-11047041.html‚Ä¶

#ITCHotels #Demerger #Stocks #StockMarket #DalalStreet",2023,07,28,mcpro itc analyst call explain demerger logic addressed concerns raised street explaining reason structure final verdict ravi ananth explains itchotels demerger stocks stockmarket dalalstreet,Positive
145,2023-07-28,"The #ITC demerger.
Deconstructing the nuances, And why there is a lot left to be desired.

My conversation with 
@Kiran_ET
 of 
@EconomicTimes",2023,07,28,itc demerger deconstructing nuances lot left desired conversation kiran et economictimes,Positive
146,2023-07-28,"#TOP10 #StocksInFocus 
1-BEL
Good Results

2-INDIAN HOTELS
Ok Results

3-ITC
Concall update
ROCE will increase by 18-20% and ROIC will increase by 10% through this demerger based on FY23 numbers
Chose to own 40% instead of a vertical split to provide strategic support and‚Ä¶ Show more",2023,07,28,top stocksinfocus bel good results indian hotels ok results itc concall update roce increase roic increase demerger based fy numbers chose instead vertical split provide strategic support show,Positive
147,2023-07-28,"#ITC's hotel business spin-off dampens the stock rally, leaving investors questioning the demerger's impact. Why is there disappointment? 
@Kiran_ET
 delves into the matter with wealth manager 
@manurishiguptha
 & former ITC Hotels CEO 
@DHaksar
.
 Listen now:
http://bit.ly/3vN13Z3",2023,07,28,itc hotel business spin dampens stock rally leaving investors questioning demerger impact disappointment kiran et delves matter wealth manager manurishiguptha former itc hotels ceo dhaksar listen,Negative
148,2023-07-28,"#ITC's hotel business spin-off dampens the stock rally, leaving investors questioning the demerger's impact. Why is there disappointment? 
@Kiran_ET
 delves into the matter with wealth manager 
@manurishiguptha
 & former ITC Hotels CEO 
@DHaksar
.
 Listen now:
http://bit.ly/3vN13Z3",2023,07,28,itc hotel business spin dampens stock rally leaving investors questioning demerger impact disappointment kiran et delves matter wealth manager manurishiguptha former itc hotels ceo dhaksar listen,Negative
149,2023-07-28,"Recent demergers and mergers. Everybody said that after demerger of Hotels, ITC's share value will be unlocked.  Exactly the opposite happened. ITC share fell by Rs 35, down by 8 %,?? after the announcement  same happened with Reliance ?? and HDFC bank did not rise after merger?",2023,07,28,recent demergers mergers everybody said demerger hotels itc share value unlocked exactly opposite happened itc share fell rs announcement happened reliance hdfc bank rise merger,Positive
150,2023-07-28,"Hotels Business Demerger will Help Improve Financial Ratios of ITC: Puri https://ecoti.in/YI32xY via 
@economictimes",2023,07,28,hotels business demerger help improve financial ratios itc puri via economictimes,Positive
151,2023-07-28,"Few years back when ITC was a laggard and was a meme material the whole Fintwit was of the opinion that ITC should demerge and value will be unlocked. Come 2023 ITC announces demerger the same people are complaining. 
Moral of the story: Nobody knows nothing here",2023,07,28,years back itc laggard meme material whole fintwit opinion itc demerge value unlocked come itc announces demerger people complaining moral story nobody knows nothing,Negative
152,2023-07-27,"Cigarettes-to-hotels conglomerate ITC envisions the newly demerged hotels business to flourish rapidly, surpassing previous benchmarks.

Read what ITC Chairman Sanjiv Puri said
https://moneycontrol.com/news/business/markets/itc-expects-demerged-hotels-entity-to-flourish-backed-by-parents-40-stake-11044221.html‚Ä¶
@PahariPritha
 | #ITC #ITCDemerger #Business #Hotels #Stocks",2023,07,27,cigarettes hotels conglomerate itc envisions newly demerged hotels business flourish rapidly surpassing previous benchmarks read itc chairman sanjiv puri said paharipritha itc itcdemerger business hotels stocks,Positive
153,2023-07-27,"ITC 

Key Takeaways from Investor Call: 

- ROCE will increase by 18-20% and ROIC will increase by 10% through this demerger based on FY23 numbers 

- Chose to own 40% instead of a vertical split to provide strategic support and synergies with the Hotel Business 

- They‚Ä¶ Show more",2023,07,27,itc key takeaways investor call roce increase roic increase demerger based fy numbers chose instead vertical split provide strategic support synergies hotel business show,Positive
154,2023-07-27,"With ITC's focus on growth through the demerger, investors should analyze how this move could affect the company's future earnings and explore potential opportunities for value enhancement. An intentional step that merits thoughtful consideration. (7/8)",2023,07,27,itc focus growth demerger investors analyze move could affect company future earnings explore potential opportunities value enhancement intentional step merits thoughtful consideration,Positive
155,2023-07-27,"Despite the hotel division contributing 3.8% of ITC's revenue, the demerger highlights ITC's dedication to long-term stability & focus on core business areas. (4/8)",2023,07,27,despite hotel division contributing itc revenue demerger highlights itc dedication long term stability focus core business areas,Positive
156,2023-07-27,"Post demerger, ITC retains a 40% stake in hotels, rewarding loyal shareholders with a share of the new entity - a move that balances value creation and investor interest. (2/8)

#UnlockingValue",2023,07,27,post demerger itc retains stake hotels rewarding loyal shareholders share new entity move balances value creation investor interest unlockingvalue,Positive
157,2023-07-27,"Let's dive into ITC's demerger and explore what this could possibly mean for investors.

#ITC takes a strategic step with a business demerger, unlocking the potential for focused growth. Market's reaction: 4% decline in share price. (1/8)

#InvestorInsights #ITCDemerger",2023,07,27,let dive itc demerger explore could possibly mean investors itc takes strategic step business demerger unlocking potential focused growth market reaction decline share price investorinsights itcdemerger,Negative
158,2023-07-27,"What a month for Indian Stock Markets?

HDFC twins have got merged

ITC announces demerger of hotels business

Reliance demerges Reliance Strategic Investments - Jio Financial Services

Tata Motors to convert DVR shares to ordinary shares

L&T Buy Back",2023,07,27,month indian stock markets hdfc twins got merged itc announces demerger hotels business reliance demerges reliance strategic investments jio financial services tata motors convert dvr shares ordinary shares l buy back,Positive
159,2023-07-27,"‡§ï‡§ø‡§∏ ‡§¨‡§æ‡§§ ‡§∏‡•á ‡§ñ‡§´‡§æ ‡§π‡•à‡§Ç ITC ‡§ï‡•á ‡§®‡§ø‡§µ‡•á‡§∂‡§ï, 2 ‡§¶‡§ø‡§® ‡§Æ‡•á‡§Ç 7% ‡§ó‡§ø‡§∞‡§æ ‡§∂‡•á‡§Ø‡§∞, ‡§°‡•Ä‡§Æ‡§∞‡•ç‡§ú‡§∞ ‡§∏‡•á ‡§ï‡•ç‡§Ø‡§æ ‡§π‡•ã‡§ó‡§æ ‡§®‡•Å‡§ï‡§∏‡§æ‡§®? - why itc stock falling after demerger decision
https://girlvdo.xyz/2023/07/25/%e0%a4%95%e0%a4%bf%e0%a4%b8-%e0%a4%ac%e0%a4%be%e0%a4%a4-%e0%a4%b8%e0%a5%87-%e0%a4%96%e0%a4%ab%e0%a4%be-%e0%a4%b9%e0%a5%88%e0%a4%82-itc-%e0%a4%95%e0%a5%87-%e0%a4%a8%e0%a4%bf%e0%a4%b5%e0%a5%87%e0%a4%b6/?feed_id=68791&_unique_id=64c24db405561‚Ä¶",2023,07,27,itc itc stock falling demerger decision,Negative
160,2023-07-27,"#ITC story these week :-  
Buy on the rumours & Sell on the news 
#Itchotel #StockMarket #StockMarketindia #demerger",2023,07,27,itc story week buy rumours sell news itchotel stockmarket stockmarketindia demerger,Positive
161,2023-07-27,ITC demerger soon  hotel business,2023,07,27,itc demerger soon hotel business,Positive
162,2023-07-27,"#BSMorningShow | ITC decided to hive off its hotels biz into a separate entity. #ITC has kept 40% ownership and 60% will go to shareholders. What does the #demerger mean? 

All answers here

#hotelbusiness #hotel",2023,07,27,bsmorningshow itc decided hive hotels biz separate entity itc kept ownership go shareholders demerger mean answers hotelbusiness hotel,Positive
163,2023-07-27,"Demerger season or what ?
ITC, Reliance, SAREGAMA etc etc",2023,07,27,demerger season itc reliance saregama etc etc,Positive
164,2023-07-27,"ITC board approves demerger of hotels division but retains 40% stake. Smart move. What next?
@S_Sivakumar",2023,07,27,itc board approves demerger hotels division retains stake smart move next sivakumar,Positive
165,2023-07-27,"#BSMorningShow | #ITC has decided to demerge its hospitality business. #Reliance too did something similar when it demerged its financial arm. But what is a #demerger? And why do companies do it?

Thareek Ahmed explains",2023,07,27,bsmorningshow itc decided demerge hospitality business reliance something similar demerged financial arm demerger companies thareek ahmed explains,Negative
166,2023-07-27,ITC has announced a demerger of its hotel business. What stake will ITC Ltd retain in ITC Hotels Ltd ?,2023,07,27,itc announced demerger hotel business stake itc ltd retain itc hotels ltd,Positive
167,2023-07-27,"#BSMorningShow | ITC decided to hive off its hotels biz into a separate entity. #ITC has kept 40% ownership and 60% will go to shareholders. What does the #demerger mean?

Bhaswar Kumar finds out
@ambareeshbaliga
 @SHaribhakti
 #hotelbusiness #hotel",2023,07,27,bsmorningshow itc decided hive hotels biz separate entity itc kept ownership go shareholders demerger mean bhaswar kumar finds ambareeshbaliga sharibhakti hotelbusiness hotel,Positive
168,2023-07-27,"#BSMorningShow | What does demerger of hotel biz mean for ITC? Are the days of cheap Russian crude over for India? Why are analysts wary of textile stocks? What is demerger?

All answers here
@TheArghyament
 #ITC #RussianOil #India #stocks #MarketsWithBS",2023,07,27,bsmorningshow demerger hotel biz mean itc days cheap russian crude india analysts wary textile stocks demerger answers thearghyament itc russianoil india stocks marketswithbs,Negative
169,2023-07-27,"#BSMorningShow | What does demerger of hotel biz mean for ITC? Are the days of cheap Russian crude over for India? Why are analysts wary of textile stocks? What is demerger?

All answers here

#ITC #India #RussianOil #demerger #textile #stocks #MarketsWithBS‚Ä¶ Show more",2023,07,27,bsmorningshow demerger hotel biz mean itc days cheap russian crude india analysts wary textile stocks demerger answers itc india russianoil demerger textile stocks marketswithbs show,Negative
170,2023-07-26,"What a month for Indian Stock Markets?

HDFC twins have got merged

ITC announces demerger of hotels business

Reliance demerges Reliance Strategic Investments - Jio Financial Services

Tata Motors to convert DVR shares to ordinary shares",2023,07,26,month indian stock markets hdfc twins got merged itc announces demerger hotels business reliance demerges reliance strategic investments jio financial services tata motors convert dvr shares ordinary shares,Positive
171,2023-07-26,"What a month for Indian Stock Markets?

HDFC twins have got merged

ITC announces demerger of hotels business

Reliance demerges Reliance Strategic Investments - Jio Financial Services

Tata Motors to convert DVR shares to ordinary shares

#StocksInFocus",2023,07,26,month indian stock markets hdfc twins got merged itc announces demerger hotels business reliance demerges reliance strategic investments jio financial services tata motors convert dvr shares ordinary shares stocksinfocus,Positive
172,2023-07-26,"Proposed demerger of hotels division of #ITC into separate entity will not affect synergies with other business lines of the conglomerate, say analysts.",2023,07,26,proposed demerger hotels division itc separate entity affect synergies business lines conglomerate say analysts,Positive
173,2023-07-26,#ITC has finally announced its demerger of the hotel business. ITC will own 40% stake in the new subsidiary and the existing shareholders will be allotted the rest on a proportionate basis. The hotel industry has already begun it's strategic implementation by reducing capex.,2023,07,26,itc finally announced demerger hotel business itc stake new subsidiary existing shareholders allotted rest proportionate basis hotel industry already begun strategic implementation reducing capex,Positive
174,2023-07-26,"@ITCCorpCom
 at Monday's meeting gave in-principle approval for the #demerger of its hotels business, the company said in a stock exchange filing. ITC would hold 40% stake in the newly formed entity, to be named ITC Hotels Ltd, with the remaining 60% held by shareholders of ITC.",2023,07,26,itccorpcom monday meeting gave principle approval demerger hotels business company said stock exchange filing itc would hold stake newly formed entity named itc hotels ltd remaining held shareholders itc,Positive
175,2023-07-26,"ITC DEMERGER ‡Æö‡Ææ‡Æ§‡Æï‡ÆÆ‡Ææ? | BONUS ‡Æé‡Æ™‡Øç‡Æ™‡Øã‡Æ§‡ØÅ? | TARGET 1000RS | ‡Æï‡Øã‡Æü‡ØÄ‡Æ∏‡Øç‡Æµ‡Æ∞‡Æ©‡Ææ‡Æï‡ÆÆ‡Ææ‡Æ±‡Øç‡Æ±... https://youtu.be/j_Fv_SYZu4s via 
@YouTube",2023,07,26,itc demerger bonus target rs via youtube,Positive
176,2023-07-26,"ITC is planning for demerger of it‚Äôs Hotel division to different subsidiary.

40% stake will remain with ITC and 60% stake will be with shareholders.",2023,07,26,itc planning demerger hotel division different subsidiary stake remain itc stake shareholders,Positive
177,2023-07-26,"What a month for Indian Stock Markets?

HDFC twins have got merged

ITC announces demerger of hotels business

Reliance demerges Reliance Strategic Investments - Jio Financial Services

Tata Motors to convert DVR shares to ordinary shares

What's next !!! ",2023,07,26,month indian stock markets hdfc twins got merged itc announces demerger hotels business reliance demerges reliance strategic investments jio financial services tata motors convert dvr shares ordinary shares next,Positive
178,2023-07-26,"What an Action Packed start to the 2nd half of 2023?

Reliance demerges Reliance Strategic Investments HDFC twins Merged 
ITC announces demerger of hotels biz

With 3 Trading days to go, 
@nifty50
 20000? 

#RelianceJio #hdfcbank #ITC #TataMotors #nifty 
@kritesh_rocks
 #niftyat20000",2023,07,26,action packed start nd half reliance demerges reliance strategic investments hdfc twins merged itc announces demerger hotels biz trading days go nifty reliancejio hdfcbank itc tatamotors nifty kritesh rocks niftyat,Positive
179,2023-07-26,"ITC‚Äôs Hotel Business To Be Spun Off Into Independent Company

Know more: https://uniquetimes.org/itcs-hotel-business-to-be-spun-off-into-independent-company/‚Ä¶

#uniquetimes #LatestNews #ITC #ITCHotels #business #independent #demerger",2023,07,26,itc hotel business spun independent company know uniquetimes latestnews itc itchotels business independent demerger,Positive
180,2023-07-26,"Hello Sir, What do you think about ITC's Hotel demerger move? With such a highly capital intensive business getting hived off, do you think it will be ROE accretive and stock can get re-rated?",2023,07,26,hello sir think itc hotel demerger move highly capital intensive business getting hived think roe accretive stock get rated,Negative
181,2023-07-26,"While Mukesh Ambani triggered a retail frenzy to buy RIL shares ahead of the demerger, shares of Street favourite #ITC dropped over 7% in just 2 days following the announcement of the spin-off
@nikkhill",2023,07,26,mukesh ambani triggered retail frenzy buy ril shares ahead demerger shares street favourite itc dropped days following announcement spin nikkhill,Negative
182,2023-07-26,"ITC Share Price Falls After Demerger Announcement https://marketmovements.net/itc-share-price-falls-after-demerger-announcement/‚Ä¶ via 
@insightsmediain
 
#ITC #demerger",2023,07,26,itc share price falls demerger announcement via insightsmediain itc demerger,Positive
183,2023-07-26,"ITC Hotels division demerger will involve transfer of 120 hotel properties from ITC Ltd to the new company  

This will involve a huge stamp duty cost of up to 6-7% on property value (up to ~‚Çπ300 Cr in this case)",2023,07,26,itc hotels division demerger involve transfer hotel properties itc ltd new company involve huge stamp duty cost property value cr case,Positive
184,2023-07-26,Why #ITC shareholders seem disappointed by hotels business demerger news? Here's a lowdown,2023,07,26,itc shareholders seem disappointed hotels business demerger news lowdown,Negative
185,2023-07-26,"Exciting news!

ITC approves demerger of its hotel business into 'ITC Hotels,' unlocking greater value for shareholders and paving the way for enhanced growth prospects.

#ETInsights #ITCHotels #Demerger #Shareholder #Value #StrategicMove #Investment",2023,07,26,exciting news itc approves demerger hotel business itc hotels unlocking greater value shareholders paving way enhanced growth prospects etinsights itchotels demerger shareholder value strategicmove investment,Positive
186,2023-07-25,"What a month for Indian Stock Markets?
#Hdfc twins have got merged
#ITC announces demerger of hotels business
#Reliance demerges Reliance Strategic Investments - Jio Financial Services
#TataMotors to convert DVR shares to ordinary shares

""1% People >= 99% of total population""",2023,07,25,month indian stock markets hdfc twins got merged itc announces demerger hotels business reliance demerges reliance strategic investments jio financial services tatamotors convert dvr shares ordinary shares people total population,Positive
187,2023-07-25,"What a month for Indian Stock Markets?

HDFC twins have got merged

ITC announces demerger of hotels business

Reliance demerges Reliance Strategic Investments - Jio Financial Services

Tata Motors to convert DVR shares to ordinary shares

https://telegram.me/intraday1trade

#nifty",2023,07,25,month indian stock markets hdfc twins got merged itc announces demerger hotels business reliance demerges reliance strategic investments jio financial services tata motors convert dvr shares ordinary shares nifty,Positive
188,2023-07-25,"What a month for Indian Stock Markets?

HDFC twins have got merged

ITC announces demerger of hotels business

Reliance demerges Reliance Strategic Investments - Jio Financial Services

Tata Motors to convert DVR shares to ordinary shares

#StockMarketindia #sharemarket",2023,07,25,month indian stock markets hdfc twins got merged itc announces demerger hotels business reliance demerges reliance strategic investments jio financial services tata motors convert dvr shares ordinary shares stockmarketindia sharemarket,Positive
189,2023-07-25,"Recent Important developments in Indian Stock Markets. 

HDFC twins have got merged

ITC announces demerger of hotels business

Reliance demerges Reliance Strategic Investments - Jio Financial Services

Tata Motors to convert DVR shares to ordinary shares

#StockMarket",2023,07,25,recent important developments indian stock markets hdfc twins got merged itc announces demerger hotels business reliance demerges reliance strategic investments jio financial services tata motors convert dvr shares ordinary shares stockmarket,Positive
190,2023-07-25,There is this interesting company which reported results today. I sometimes wonder what the demerger of ITC Hotels might mean for it. ,2023,07,25,interesting company reported results today sometimes wonder demerger itc hotels might mean,Positive
191,2023-07-25,"ITC 

BONUS &amp; DEMERGER  was always on radar

#LevelMatters for #ITC",2023,07,25,itc bonus amp demerger always radar levelmatters itc,Positive
192,2023-07-25,My take on demerger is ITC wants controlling stake in Hotels. Rightly said BAT not interested in Hotel so there will be chances of hostile takeover like LTI Mindtree,2023,07,25,take demerger itc wants controlling stake hotels rightly said bat interested hotel chances hostile takeover like lti mindtree,Negative
193,2023-07-25,"ITC Demerger ‡§ï‡•á ‡§¨‡§æ‡§¶ ‡§≤‡§ó‡§æ‡§§‡§æ‡§∞ ‡§ß‡§°‡§º‡§æ‡§Æ ‡§π‡•Å‡§è ‡§ï‡§Ç‡§™‡§®‡•Ä ‡§ï‡•á ‡§∂‡•á‡§Ø‡§∞. ‡§π‡•ã‡§ü‡§≤ ‡§ï‡§æ ‡§ß‡§Ç‡§ß‡§æ ‡§Ö‡§≤‡§ó ‡§ï‡§∞‡§®‡§æ ‡§™‡§°‡§º‡§æ ‡§≠‡§æ‡§∞‡•Ä.
‡§Ø‡§π‡§æ‡§Å ‡§™‡§¢‡§º‡•á: https://ift.tt/HoDxIrX",2023,07,25,itc demerger,Positive
194,2023-07-25,"However, ITC only owns 121 hotels presently, compared to Indian Hotels' 260. 

This indicates that the hotel industry is in the red and has not expanded in recent years.

#itc #demerger #bsc #nsc #sharemarket #itchotel",2023,07,25,however itc owns hotels presently compared indian hotels indicates hotel industry red expanded recent years itc demerger bsc nsc sharemarket itchotel,Positive
195,2023-07-25,"On the other hand, the FMCG industry only received 8,000 crore in investment while contributing 25% of the company's total sales.

ITC Hotels and Indian Hotels both have 100 hotels in 2010 if you compare the two. 

#itc #itchotels #demerger #nsc #bsc #sharemarket",2023,07,25,hand fmcg industry received crore investment contributing company total sales itc hotels indian hotels hotels compare two itc itchotels demerger nsc bsc sharemarket,Positive
196,2023-07-25,"In the 3 years, the price of ITC's shares has increased by 63%, setting a new record.

However, due to ITC's decision to demerge its cash-burning hotel industry in order to concentrate on its cigarette and FMCG operations, everything is about to change.

#itc #demerger",2023,07,25,years price itc shares increased setting new record however due itc decision demerge cash burning hotel industry order concentrate cigarette fmcg operations everything change itc demerger,Negative
197,2023-07-25,ITC's hotel business demerger raises questions on capex funding,2023,07,25,itc hotel business demerger raises questions capex funding,Negative
198,2023-07-25,"#A3RT 

ITC‚Äôs proposed demerger of its hotel business has resulted in some uncertainty over how the new entity's capital expenditure will be funded.
@arbindtiwariT",2023,07,25,rt itc proposed demerger hotel business resulted uncertainty new entity capital expenditure funded arbindtiwarit,Negative
199,2023-07-25,"Why ITC shares are falling on hotels business demerger announcement

Catch the day's latest news and updates  https://bit.ly/3q7aIe4",2023,07,25,itc shares falling hotels business demerger announcement catch day latest news updates,Positive
200,2023-07-25,"@ZeeBusiness
 exclusive analysis does give an insight on what to do next.

Concall will be important 
@AnilSinghvi_
 #ITC #StocksInFocus #ITCdemerger",2023,07,25,zeebusiness exclusive analysis give insight next concall important anilsinghvi itc stocksinfocus itcdemerger,Positive
201,2023-07-25,"TL is bombarded with news..
LT/Piramal Buyback
ITC demerger
Tata Motors DVR extinguish
Piramal Pharma Rights issue
CanFin 35Cr fraud
Axis/BajFin Results
Fed Rate mtng
..
aur kuch?",2023,07,25,tl bombarded news lt piramal buyback itc demerger tata motors dvr extinguish piramal pharma rights issue canfin cr fraud axis bajfin results fed rate mtng aur kuch,Negative
202,2023-07-25,"1/3 The demerger is a positive move for ITC

It will allow the company to focus on its core businesses and unlock value for #shareholders",2023,07,25,demerger positive move itc allow company focus core businesses unlock value shareholders,Positive
203,2023-07-25,"The demerger ratio announced is not quite favorable to existing shareholders, since shareholders are not getting one share for each share they are holding, they are disappointed. Markets have been gung-ho about the demerger because the hotel business has been a drag on ITC‚Äôs‚Ä¶ Show more",2023,07,25,demerger ratio announced quite favorable existing shareholders since shareholders getting one share share holding disappointed markets gung ho demerger hotel business drag itc show,Positive
204,2023-07-25,"Some Numbers on Demerger of ITC's Hotel Business:-

Hotels Business contribution to ITC's revenue: 4%

Hotels Business EBITDA contribution to overall EBITDA of ITC: 3%

Hotels Business EBIT Contribution to Overall EBIT of ITC: 2%

Hotels Business ROCE: 8% vs 39% Consolidated ROCE‚Ä¶ Show more",2023,07,25,numbers demerger itc hotel business hotels business contribution itc revenue hotels business ebitda contribution overall ebitda itc hotels business ebit contribution overall ebit itc hotels business roce vs consolidated roce show,Positive
205,2023-07-25,ITC Share Price Falls as Investors Disappointed with Demerger Ratio - http://eqtm.in/b2YLf,2023,07,25,itc share price falls investors disappointed demerger ratio,Negative
206,2023-07-25,"ITC Share Price Falls as Investors Disappointed with Demerger Ratio

What will happen after ITC hives off ITC Hotels? Continue reading to know more about the ITC Hotels demerger, share split ratio, and more.

ITC Hotels Demerger

Here‚Äôs an extract‚Ä¶

Yesterday during market‚Ä¶ Show more",2023,07,25,itc share price falls investors disappointed demerger ratio happen itc hives itc hotels continue reading know itc hotels demerger share split ratio itc hotels demerger extract yesterday market show,Negative
207,2023-07-25,"ITC Hotel Demerger

#StocksInFocus #Itc",2023,07,25,itc hotel demerger stocksinfocus itc,Positive
